,filename,raw_url,yahoo_img_url,title
0,hedgehogg_1,https://icons8.jp/icons/request-icon/hedgehog--LPSvLvCoEVD3,https://msp.c.yimg.jp/images/v2/FUTi93tXq405grZVGgDqGwwj4F2ePQRxKB9z3X08xbKToshOqrZc0JttehUQQ7u0kRbizvLZ6Q5NfoseuJyRNZPeb7hNge9eeipc4MqOWl1RC1HNY3-kEwa1Lu9lN47FuyT0vx5p2_4mMJEOVNEEBSCB-F5PdVm9BBdSVKnteicVbyoKD0lxwQMCRbuqBNrKgCA4RGaid3itx7yOlGmFKauWD8Jm637V5HDHj2kVN_mEsqvemE76gmjIY9gbnOGSmuMOLig5ZHOuERSrLLE1kkZYv4MPqG62SM5e-F3tBNrNfN2_dHkLlMPlZoLuYHzd/GettyImages-626916125-5b3a4a8046e0fb00379f682d.jpg,Hedgehog | Request Detail | Icons8
1,hedgehogg_2,https://walpa.jp/products/detail.php?product_id=125485,https://msp.c.yimg.jp/images/v2/FUTi93tXq405grZVGgDqGwGC8-SIoH1NlO9N8VLZUIWASMO-0Lzu2e_PICMujP5NLZPDWtPt7OE6ww7DjCh6PPNjC1b_cZKj9qr4d0-zXKzxekkVSLCfzW8WIi7__njJ_ozt4jeMC7ch2A8SmqoAYk4rq0a0jGXsPcQJ4hSmoJ97N3WshyBIZ2Uro-X7bGbbq7N2Xa7DCSrvmWJM21-bWjriwqCDwupMPAojCfNX7l_sjvnFSqXi8cyORAP4zCYU4q8_Yx-CydYxjUNRViw_sg==/65900-m.jpg,PHOTOWALL / Hedgehog (e322784) | 輸入壁紙専門店 WALPA
2,hedgehogg_3,https://mysuki.jp/hedgehog-37709,https://msp.c.yimg.jp/images/v2/FUTi93tXq405grZVGgDqG2FZKWahhc89rr0zWKqmLkTLiJlOV258tTKjNtwKxI1R-Ep9YdAs0wmOwGztIOhPmu16H4NxZ0gOliNg75ZTRfZGlcjzNqDDszuzqmqTJRGgPcdndOd4usqrP_guJ19ieZnHK5955_nku1sfs4DcuaFcASlf5dnQRQXu2ThzEa3d6mifmU2mF0ebkB5c1b1Ncdt6BoBtjfYzWZccKISACJEjLwhqtE3lQhwPEm-oP4XhCHO5-LNnoE1m-tYUCojMRQ==/hedgehog.jpg,ハリネズミは何故、hedgehog？発音や4例文・ヤマアラシとの違い ...
3,hedgehogg_4,https://www.ldoceonline.com/jp/dictionary/hedgehog,https://msp.c.yimg.jp/images/v2/FUTi93tXq405grZVGgDqG0mKtlrsurwPxlLl6hsUpzeQWE77xFLxpPi10htIVfbT2S_MAySukTgo8G9w7anXMxvSOJWLFEHokUjQvVVvdHb1FvYOWSG5MvO9TUEcbvtHGEo9xcNcuc0WZ-TNz9KIW4wQUr2uPRjssvIKp0lzNh5caPRnczZZkhb6Ym94bf9_VgYWEfpGpML-rV4VGTkkjS-v_qv4_yJesJY1YGK-6K03tUTXi0DAEO2cIK46Fl8LYgU-6P3Obb58gQ1CthM-EbyHs83qiA2L3y5XHpHHW9t9yGDgRSvOAz8Qk_uwdsu7/hedgehog.jpg,hedgehog | ロングマン現代英英辞典でのhedgehogの意味 | LDOCE
4,hedgehogg_5,https://www.collinsdictionary.com/jp/dictionary/english/hedgehog,https://msp.c.yimg.jp/images/v2/FUTi93tXq405grZVGgDqG4iVBKdvSssvAJfKgnAYX0L-GA1tGYKWv3d3Z4CpdnjsLwLm8_4ubUkHsiZ9O88BgWhmtUnhX_QMc9oi009KXKj0UGdWGyDpAvIj0K79kIOwrtvQGdN0sJvM-MC0TacXuA2Ycm_Zx_TOBZLXvYlpOYV-rdmS-JDkd7d-jpzP83Nd0zwZ1-KbDlxJI5vbb4_0QI9_zDg-7RgiDEaq1Ji0dTVk5luAYXSvIyILYqK7dEO3EvaYFg8JuL2o4AUDg-evHvWAzgenNmvh6r_uHynO9bI=/hedgehog_291821075.jpg,Hedgehog definition and meaning | Collins English Dictionary
5,hedgehogg_6,https://www.hisgo.com/hi/Contents/OptionalTour/DetailOptionalTour.aspx?TourCd=TYO0929&lang=ja,https://msp.c.yimg.jp/images/v2/FUTi93tXq405grZVGgDqG0qvJgdruWJL3wxAQpc8cNN_FS7PhmHizA7IXDFnEErpmzoo0Uwius3iGgkF7x84fkD7z7ajWptY7px6vI0qWsjcd5i7EC-WemPR5UbJCKq87M8wm2RDU82vmIFN1Pv4RYVsWppXN31FUKYPTlY68-0UMdFe7X7o07KLkKqviYPiGk7Z1olRbzJnj0EY3vHGYwzKKTJpQsvaECMG-pyuvu1WCpMgfIOte-8w_kUPRk5fQXfr5fsRNtPR-9YGuzVaCFeYl-P6MK2FTP5Fm-X0am0=/Tr00100420170319153556800.jpg,"Hedgehog Cafe HARRY in Harajuku, 東京 日本 のお得な ..."
6,hedgehogg_7,https://www.japantimes.co.jp/life/2016/04/08/food/japans-first-hedgehog-themed-cafe-opens-tokyo/,https://msp.c.yimg.jp/images/v2/FUTi93tXq405grZVGgDqG1njDUJ1JxElxMjNmg9yKjFaEnnJdwT9QfuupE1_dKXb9AUMvmjN_1rFFZFFZtZQL3dOJdWiJPZvuwkIOoa8pQCQItwe71HaJdJIUa9JxTwtUvxUvChmVVKocOwoRJwBes8lBV97Sf9hWzkUrnw0QBahcC1KAZX6XJPpTppXY__GDP0A9T_qO2D4BVI35_Ljsdn5-tijhvRY18nvB4dPicb9XyPPIjQKPO5ZdrgRRbt7gXB9sHrAEfxdF1nXyvuUvE-WXss2V1VUm33Kr2wFvU-hc57PQoVCjTa314Qi27O_/p10-hedgehog-a-20160409.jpg,Japan's first hedgehog-themed cafe opens in Tokyo | The ...
7,hedgehogg_8,https://www.unrealengine.com/marketplace/ja/product/hedgehog,https://msp.c.yimg.jp/images/v2/FUTi93tXq405grZVGgDqG5WWok5jUUC4-KPK12O_FUPb5-2DbqzJCOwW8PzlFEys7A28SD-HcoAiR_I3BT_LdTB9p4sJ6e1QxTBsbjDi6oWSu3qwqNQGZyJZpN7qf0B1qFoTZaGSfi7EmA0IYHIWz4ZgjBNoopw2PO4QlfnDev9RBV04YmQJsM4oLXYm_cm9iRL1lsEugpRum2PO9FhJ3CCB-F5PdVm9BBdSVKnteicVbyoKD0lxwQMCRbuqBNrKgCA4RGaid3itx7yOlGmFKauWD8Jm637V5HDHj2kVN_lWekUOTkKd23dPEYwE1zoVwLzIGT1FsMfrPmAk9c__LUaOSnnmuecQHC6WjklfxVCa4_J4Z7t4-pbqF-9OXDv_/HedgehogScreenshot01-1920x1080-43dbd63121cc16154de7c2ef97486722.jpg,Hedgehog：キャラクター - UE マーケットプレイス
8,hedgehogg_9,https://www.amazon.co.jp/Hedgehog-Book-Hugh-Warwick/dp/1913134415,https://msp.c.yimg.jp/images/v2/FUTi93tXq405grZVGgDqG1CROubRnqp0a8lc9vDDS-lAY7AB0-ZjPxi7Xye_xu0wm9U4TgWke3wHS2oRWPNFsnMWoDnA413mPMt-F6fkFDrszzCbZENTza-YgU3U-_hFhWxamlc3fUVQpg9OVjrz7RQx0V7tfujTsouQqq-Jg-IaTtnWiVFvMmePQRje8cZjrMEIm4f1Qn_1Kpzz0cv_CqzIkj8pAOPPfKwY6MMwEkG-CgSGbqNyXXNbwQqngjxBVDQLg91Zb0e8pIq2stLmJA==/51uJqvyDRiL.jpg,"The Hedgehog Book | Warwick, Hugh |本 | 通販 - Amazon.co.jp"
9,hedgehogg_10,https://www.istockphoto.com/jp/%E3%82%B9%E3%83%88%E3%83%83%E3%82%AF%E3%83%95%E3%82%A9%E3%83%88/%E5%81%B4%E9%9D%A2%E5%9B%B3-4-%E3%81%A4%E3%81%BE%E5%85%88%E3%83%8F%E3%83%AA%E3%83%8D%E3%82%BA%E3%83%9Fatelerix-albiventris-%E3%82%A6%E3%82%A9%E3%83%BC%E3%82%AD%E3%83%B3%E3%82%B0%E3%81%BE%E3%81%99-gm119650457-14802209,https://msp.c.yimg.jp/images/v2/FUTi93tXq405grZVGgDqG7s6XIz6WzUM9mMsixYxaAtspYjMOIcMNbvaVoOvVTNDZxfqfErBaI9O_8oLKsv1OT5dq2OWaGUigD46RTZSCqG5Z_TACD6n6-CvMKcDXirKXMI-d2KOH_bXgc-pcAlUiQAEODH6dLlk9-juqndh1I1LLbGLuqY4mszTIMvCqSCwMmZzRHYjrWEhlKIFHNRX7zK6ORpzPf7OFpD40n_M3-zLRyATXASUlp41zBDZjaDkSWvnc55Cg0hZlWpc5WeE2KJ-7GRNp5F7xiSYOu0G81DITqm9FsLU1ufT9G0AKq1ic5t9OnT0tlLqvo-dUkumjvKOs0HD2JdbiAMZL40A1VI=/side-view-of-fourtoed-hedgehog-atelerix-albiventris-walking-picture-id119650457,側面図 4 つま先ハリネズミatelerix Albiventris ウォーキング ...
10,hedgehogg_11,https://www.shutterstock.com/ja/search/hedgehog,https://msp.c.yimg.jp/images/v2/FUTi93tXq405grZVGgDqG29mKfDPUdcP3LGnVI6yE5FijAJDq9h2DXur7w3cZMFbLgL1UUJi6Z4Mtu3bRkTi6sVqNxHvCpWSzdOqGV9zJkBBIZiZK03UQ7E-eqCXQJL-WqTYfSSMV6KydYaD2NppYqPCyhegI00RTxCVaIG3YQ7-JsblGWJpaoPN5QlLwcxrd2U4cUFUkl97nzUO160yuj_QUXRm-jGOLxdB2E2XpqrXdJhEaKxgYFyAQWGrUtqvC3faYhhkDYhHN-gtmXQnEPWetXxOn3yzEmRxlpkcRXkXXW97p5f6-cMkJ-L9i6T1/adult-male-four-toed-hedgehog-260nw-1915433362.jpg,Hedgehog」の画像、写真素材、ベクター画像 | Shutterstock
11,hedgehogg_12,https://www.tradeinn.com/trekkinn/ja/safari-ltd-hedgehog/137554600/p,https://msp.c.yimg.jp/images/v2/FUTi93tXq405grZVGgDqG2oXAr9-LUkStL3f6saPGTmuOMMBhhQOPVOhradgWCIAe5VrP5YT_IEz-wgnjow55S_2boB0kTsXaoWc08iokw3drxaNdgMsEZe9JJy6Tl_DrtvQGdN0sJvM-MC0TacXuA2Ycm_Zx_TOBZLXvYlpOYV-rdmS-JDkd7d-jpzP83Nd0N6UaVyjnwlZ4MQ9Q_PSR6lYy_P1KNHkI7u-0-OJhxooDxvWyoxjXJC9od75umfODjaqC5mjGRxNB4llID5-RvWAzgenNmvh6r_uHynO9bI=/safari-ltd-hedgehog.jpg,Safari ltd Hedgehog 茶 | Trekkinn
12,hedgehogg_13,https://en.wikipedia.org/wiki/Hedgehog,https://msp.c.yimg.jp/images/v2/FUTi93tXq405grZVGgDqGx5cm8knTLo61O84kVTxOan841a30-aIJSoqkmlQNsP4-Qv0KVqX9M9vYFUiwJk7Te0joCy9OqqX_K4b5HoVPjLs7wWHa6jAcZ3JlC5DdRk-hWxamlc3fUVQpg9OVjrz7RQx0V7tfujTsouQqq-Jg-IaTtnWiVFvMmePQRje8cZj7wQJ3FYWuZie6mii-4F1mANtQ6K7CN2uotOEltMOiYZnJrYNhf4wOsseuG7YN1Sp_O_XXwGB0V3PMIHH0mQvGoNk1FqJ9eE0Kz8G6BZUDmg=/Igel.JPG,Hedgehog - Wikipedia
13,hedgehogg_14,https://www.etsy.com/jp/listing/768560963/miniature-hedgehog-felted-hedgehog-cute,https://msp.c.yimg.jp/images/v2/FUTi93tXq405grZVGgDqG1SkHQmffEV3sQ23qv-V5IDYfYEZ_rAKgyVpVIVOzuQaaZcwnI-WA2VFh4OZPERSMqHu1R-_7jSXmAZTDS8KT6h0II-OAMJU1bORtgEJeihduc2P9Nob3u0YLZ6Gl-WQiPF6SRVIsJ_NbxYiLv_-eMn-jO3iN4wLtyHYDxKaqgBiTiurRrSMZew9xAniFKagn3s3dayHIEhnZSuj5ftsZtt8V6OiXcatUmydRmHkdjORRTSmHabCQq7LjL6jyg_3dVWvBtETGzuxaPM3b4Y9SmOuHH8WSih0zcezEo8Pb-tR/il_fullxfull.2147318542_9im7.jpg,Miniature hedgehog Felted Hedgehog Cute hedgehog | Etsy
14,hedgehogg_15,https://www.macmillandictionary.com/dictionary/british/hedgehog,https://msp.c.yimg.jp/images/v2/FUTi93tXq405grZVGgDqG9pMu0iaDIiDLS7_D1ktkJvdrKbYUZ8hSVllyt14HcEo2WOmQPWnZ5TXjC45PO9CzCw2gi6sSaFI5xgTfl_cPHEM_FfEgNr6i9bZXT7NxNV28XpJFUiwn81vFiIu__54yf6M7eI3jAu3IdgPEpqqAGJOK6tGtIxl7D3ECeIUpqCfezd1rIcgSGdlK6Pl-2xm2yHxruDJIteYoxqhTTBdX2h3uliGDDxEGlZEc_FQnF4W1ggCCeeadI8tsqhD_HnWsAFxMaXiPd1xB-5x-lEmzsY=/Hedgehog_full.jpg,HEDGEHOG (noun) definition and synonyms | Macmillan Dictionary
15,hedgehogg_16,https://www.klook.com/activity/17352-hedgehog-home-cafe-tokyo/,https://msp.c.yimg.jp/images/v2/FUTi93tXq405grZVGgDqG8Z4GVoUC5CrRCzQH-GIYDtzj3bborCej38iLqBhCiybi_3pdAB4G1l0cWm3LBbLajw__0LvS0Ywzc6E1LgEdzF8cYZvR_D3qdoJFTzCH2MBvk5XfFxVPUdpriijzo3mSistNjc4m1kKTZOAiFrt-PiZ3KenPBYZbzH5Tc0xomk-4YlnRMi00mfcv30uYug2L5araDAJunyRXRQn6c4E6O6SpI3VBR8GQJHw0O0LWGiM1-711JvSG5zO0E3e92Q8Qca6eBOo0iFwHI7Dl3FnUx21EWxEFwTZE0qy3B3zi141TThtUp3r0qLNoD-9_O8KR4tTJ-glcFfyzlbUoXTVdq_JZCZdDzjAaCB3EelPtuVJ3F_auO74OM311F6UCZiZs-YdOWsJ0Zl8nUNaCQeznmLeDRUFgSMuTbzhRahVcCrMJSe9b9hUTDKc-9Ylk1zBE1P0hhOKE0WV02xp8COfSD8pG5KoyrMAI7gVWIkYk5LOlc7mt3ODI6AwMJ4Aoiv-l1hVdNPn8GJF1JZ-hY_3KcjAugdMiPEbWMhI-y6teMmeddLO1GOjT84ECRhfIrEuu3LemyJ7nhCnuTDyPPeQyh4iNon7I90zTkOzHE1qV9wnjPT6R0qFMrW8bMELt_zBQA==/HedgehogHomeandCafC3A9inShibuyaE381A1E3818FE381A1E3818FCAFC389-CuteHedgehogExperience.jpg,1 Hour Experience with Unlimited Drinks at Hedgehog Home and ...
16,hedgehogg_17,https://www.istockphoto.com/jp/%E3%82%B9%E3%83%88%E3%83%83%E3%82%AF%E3%83%95%E3%82%A9%E3%83%88/%E5%B0%8F%E3%81%95%E3%81%AA%E3%83%8F%E3%83%AA%E3%83%8D%E3%82%BA%E3%83%9F%E3%81%BE%E3%81%99-gm184070953-27657857,https://msp.c.yimg.jp/images/v2/FUTi93tXq405grZVGgDqG7s6XIz6WzUM9mMsixYxaAtspYjMOIcMNbvaVoOvVTNDdxU209kZNCmYb6veGx7MNDJrLr37qC5hiVcIIqJygx-MMkB0yvmVv6UufK5AgxdHwTKD2Bvh1DUWRdcfAg8xrMviI_Aq2JEKaeaQdv5YXmiB_0GGXnHU1dgclEeB1knOfLGb-WAst5Hz1zhmlUGE3aHi5yelEYbr5HN_IIFxIAhqZ-yx8H7fM5p5wO3UvtZ_l5k0jn2DXrwh_zHjtHVUboBqc0VqIgNc2EA9XEZmry0=/little-hedgehog-picture-id184070953,小さなハリネズミます - アルビノのストックフォトや画像を多数 ...
17,hedgehogg_18,https://ja-jp.facebook.com/pigmeusafricanos/,https://msp.c.yimg.jp/images/v2/FUTi93tXq405grZVGgDqGyL5nc0JPOaUOtLWCRSwKb5x0EhmYEz9re4BenktujdEH2BeWCnnRhcHGCaNnYT---R6QoV-6HppQ2-UFxZJ8wnV4qKCO7ke7Nyc7JKrfVbspZ3ge4v_CB-Em2uEGZMja67b0BnTdLCbzPjAtE2nF7gNmHJv2cf0zgWS172JaTmFfq3ZkviQ5He3fo6cz_NzXT1AIzWXUJnW4Oza5gJZWfIIxgx1lCFn-zLrIC25qWDc2N7WX2IrWiOgT2IUhuiV7fa5OlIAedbRI2cL719OVXv1gM4HpzZr4eq_7h8pzvWy/media,Hedgehog Brasil | Facebook
18,hedgehogg_19,https://www.gltjp.com/ja/directory/item/10202/,https://msp.c.yimg.jp/images/v2/FUTi93tXq405grZVGgDqG2gaE5FEeKFFOU_TPxnJWIuvOGecYgU9ErOnBZHUR23FXsBkjxTlvw5oy8fvfHdxr2DhiQIjvB8cMZrfZgfAX6SZoxUIvR9_k7BwoQcrCAZhyi5z-XIVZYfSuqOqxZx7ObXj7dRK4-KzWG5e79vqeYzBMoPYG-HUNRZF1x8CDzGsy-Ij8CrYkQpp5pB2_lheaIH_QYZecdTV2ByUR4HWSc58sZv5YCy3kfPXOGaVQYTduY7QAttkO7fhF5aLnjes-PHVW1B4x9csOcOAyXYSjSkzE7MydK9r4U8ZBET9KAG59wqzoO55M6aVq0ntKr_UKQ==/20190913_134405_3f235c20_w1920.jpg,ちくちくCAFE - Hedgehog Home & Cafe – - メニュー、ランチ ...
19,hedgehogg_20,https://nationaltoday.com/national-hedgehog-day/,https://msp.c.yimg.jp/images/v2/FUTi93tXq405grZVGgDqG9yiKIrtNRR_fbAw3KW7eAoaOyuGFongc8Hm7mQ6ljIyuVv03SPQEpgWLg4LRwZmZ5b1o8TdZgIoX5UgDaMXtk0VhPVwj0iBu5mb5-RcOyAIXkAiQXm5-tq80nFwRNJdVDJmc0R2I61hIZSiBRzUV-8yujkacz3-zhaQ-NJ_zN_sy0cgE1wElJaeNcwQ2Y2g5DBYflnZM-NPXalmd8IwsDAnT2bX8h8NDCPVbZRrhoGjSC9Z4xB29EubTedYsGhSxEUAEz809aolRmoyiIPRiP6M9PpHSoUytbxswQu3_MFA/National-Hedgehog-Day.jpg,"NATIONAL HEDGEHOG DAY - February 2, 2023 - National Today"
20,hedgehogg_21,https://www.nationalgeographic.com/animals/mammals/facts/hedgehog,https://msp.c.yimg.jp/images/v2/FUTi93tXq405grZVGgDqG00tCENiHNroDYx9o3vNcDaB1GuI8v5WFBoscID1m7NnkhSbs29sWF0aj18zv5Lc4pHD_CyVnVYVvDzj79tp3IlScTxrfyrhvpdakgdjTMN0IIH4Xk91Wb0EF1JUqe16JxVvKgoPSXHBAwJFu6oE2sqAIDhEZqJ3eK3HvI6UaYUpq5YPwmbrftXkcMePaRU3-U1K8hW4dbR_lo2Vq04gWKVlaoV8qrihdHK3yJnOHNs-nxtZcdtkOuIuMIzrlRpYHbfM4Oc-FXsUAwSl-4BI6EU=/hedgehog_3x2.jpg,Hedgehog | National Geographic
21,hedgehogg_22,http://jeanaharbor-tokyo.com/Kitchen-&-Dining/qckzhx-886696/Hedgehog.cgi,https://msp.c.yimg.jp/images/v2/FUTi93tXq405grZVGgDqGw1hSDAzynhsx5ILrmWH2JKkW9lPe8uBMJnwmu2EnwrywhQ_21ODxtONnLRe9-QMZ56sd_7rk_rIAQpI9BtzBHpM99Qn0Kbf_4y1paLcxLDHyN8gHCM5gEB0Teb3dRvh4iDRLidxjhz5g4Ez1oUEQe8cUWVNXULF_j4bg3w3_kqmkT1y1yyVwStWsHPa6IpeTxsRbF51Rrx2eSJgZr6SDQPGDGtgR16qYsl1wkqMQoeXU_SGE4oTRZXTbGnwI59IPykbkqjKswAjuBVYiRiTks6Vzua3c4MjoDAwngCiK_6XWFV00-fwYkXUln6Fj_cpyB556hLc4pEWpz4jtO1cL5L0JESqfYz-65kWUew29z6DP23w8ZS9-q9IJKcPCwlbrALZ05cFImp92TSrJq4Lg6b1gM4HpzZr4eq_7h8pzvWy/https3A2F2Fblogs-images.forbes.com2Fchrismyers2Ffiles2F20182F082Frsz_liudmyla-denysiuk-779689-unsplash_cropped.jpg,Hedgehog Home & Living Kitchen Décor jeanaharbor-tokyo.com
22,hedgehogg_23,https://www.instagram.com/hedgehog_azuki/,https://msp.c.yimg.jp/images/v2/FUTi93tXq405grZVGgDqG8CRX5oAAWtbaGEMmOeeQ9qmDQiJGY0Rx_jyFOGOQlpbRiHQR_gskwYDRGMESO9g8urLCDfyW3rlrlwcoCWkZfsNU43Q4ezK13rZjxvA6guHLrZjAW3Yr39WTc883vMtA0aVyPM2oMOzO7OqapMlEaA9x2d053i6yqs_-C4nX2J5mccrn3nn-eS7Wx-zgNy5oVwBKV_l2dBFBe7ZOHMRrd0qhF0sA0OAQfO-8XwSjvPAIQ586nVEhCfjYIXjdajQ95mNjI6mwbzl8Hm5JBboY55MXCbeGQoAMVJFdW_JhFws/crawler,Monaka & Azuki the hedgehog (@hedgehog_azuki) • Instagram ...
23,hedgehogg_24,https://www.smithsonianmag.com/smart-news/uks-hedgehogs-and-other-mammals-are-danger-180969385/,https://msp.c.yimg.jp/images/v2/FUTi93tXq405grZVGgDqG1Cems2qXfe268ucq6gGbpqt07gQ-MmAGeNHynzsrK9Abox66IKGKAebg9O4ZqVqmB6I3oSd6-WanA0QEgTMyolLV8HY-X5HA5GWgDt8XTsJklfkeo23caSNVbFxMadwu3AXhaXcFhgKQ4gOiSzuYaZ_wm4tE67OfjRHXO2TZJDT0owD-sAqjdUWQJ8j6wf2lLXHUTEspBEdZXqGAKL7IiGHZUuHyMhLfwtRnDp7itXPqmFsDi8t-XtU1qPFoJQrSHMd1a1OGWuI3yMkKuFv3UBrd4aDbLIuzGXySqUEtrQOADZ53vqzRSNevikXUhpBpqPCyhegI00RTxCVaIG3YQ7-JsblGWJpaoPN5QlLwcxrd2U4cUFUkl97nzUO160yuj_QUXRm-jGOLxdB2E2XpqoYL7q61rW6su3FY9s9hlUZ3Lvtz5geP6-l0MuqM9mNir5thB_1Xrpo-9DHYJOhMfCBig-RUROL-_RyBcjlT2cN/domesticated_baby_hedgehog.jpg,The UK's Hedgehogs (and Other Mammals) Are In Danger | Smart ...
24,hedgehogg_25,https://www.shutterstock.com/ja/search/hedgehog,https://msp.c.yimg.jp/images/v2/FUTi93tXq405grZVGgDqG29mKfDPUdcP3LGnVI6yE5FijAJDq9h2DXur7w3cZMFb35IOiJhvJwjj0eh8-Eeyg8hrLaMoS5IOwoDGOYkYmFARd4SCRhiTJGR-fz1p2wncnI0dznG64-HPxbQu8RG_WacZOk3bg_pji5PjErLFEWa5lp4ZGKBw0V9Sep_-6o3tcl7O45TeZag4wH7o-xonh9kVfsUegLSKbRvIxE9LgrcWqSkN9HW_fbmgcmk5sqnglzicvOXEs48fnoY_1aae1kS3CZnmxi9XnPzxfh-MO_ignuAOOHXktxeE-kJ9_AFe/dwraf-hedgehog-on-stump-young-260nw-776419591.jpg,Hedgehog」の画像、写真素材、ベクター画像 | Shutterstock
25,hedgehogg_26,https://www.tripadvisor.com/Attraction_Review-g1066456-d12122986-Reviews-Hedgehog_Cafe_HARRY_Harajuku-Shibuya_Tokyo_Tokyo_Prefecture_Kanto.html,https://msp.c.yimg.jp/images/v2/FUTi93tXq405grZVGgDqG83zfc_2UtUMy8PF-Mg8rw30sv6KZOmnsOWLWFN6cZuW1OWzn-D_qrMNqaD-JqcvZwkj3_OFvUbZIsxtBed3Ejcpc5zp0-WEQLxVvW-fh7ZUkTSwjREiDASGS12Owit4Bb1pSn9b4AmbvCEKv4GHtTgnGnBkSby_Y3tcpXH5uQ-GRpXI8zagw7M7s6pqkyURoD3HZ3TneLrKqz_4LidfYnmZxyufeef55LtbH7OA3LmhXAEpX-XZ0EUF7tk4cxGt3bs7zuWmmtXxZA4IfMQrGvEemMO_w7veFj6DVJBT99AbOCvLU5prrJMldkrtPbFccnD2vVH7bcMy2lXH1wD_KiM=/our-cute-hedgehog.jpg,"Hedgehog Cafe HARRY, Harajuku (Shibuya) - All You Need to ..."
26,hedgehogg_27,https://wowma.jp/item/492229995,https://msp.c.yimg.jp/images/v2/FUTi93tXq405grZVGgDqG2FzuWAXm9zB_Rzz3_GEKdyDPA1Aeu4PiLiJ_R25tcg7Uw_icNpXkFtIxBvdq7ODPhREuy-59xZ8nU584lmt2C9kBtyMXYn5lFiJW6rT8WySxUzkleNDmXsMuPeLRyOs5hfwBfeqH70NJeB-JvIcROCu29AZ03Swm8z4wLRNpxe4DZhyb9nH9M4Fkte9iWk5hX6t2ZL4kOR3t36OnM_zc10G7GNgu09nAiEwS6fubkbfgH9xz6rnrLw3jLI53HglHiig2AhAQNNq_geIExv_AvimjfRtlwNBluC9CNViA19fFNBBvNDSnhxpaTJpIQuj3g==/wood-itsuki_875-ts28_1.jpeg,はりねずみ ハリネズミ Hedgehog ヘッジホッグ インテリア 置物 ...
27,hedgehogg_28,https://www.gettyimages.co.jp/%E5%86%99%E7%9C%9F/hedgehog,https://msp.c.yimg.jp/images/v2/FUTi93tXq405grZVGgDqG53frtpNH_GPPVEeMYZDpSz_ppNbr59bjqCqkj2k-lGnhwmpKU4f18JEHKTDhiK-PYBiwoBlapmUwXc02xG5rgggjPC4K--1TYF6SZzEIUc2oitrp9mNOEqO2MzRBw4FeFFELGU_3mfT_gDGmRUHpULBMoPYG-HUNRZF1x8CDzGsy-Ij8CrYkQpp5pB2_lheaIH_QYZecdTV2ByUR4HWSc58sZv5YCy3kfPXOGaVQYTdzEWs5TRFkZZhdf55ZfcrMIwzI5ya84yvuecH1GkcZbaFE0PINwkUK3f3T5ukgwCVbBnD32ExUJS5hRqoUVtJKA==/closeup-of-hand-holding-hedgehog-picture-id1183316601,"7,270点のHedgehogのストックフォト - Getty Images"
28,hedgehogg_29,https://www.instagram.com/darcytheflyinghedgehog/,https://msp.c.yimg.jp/images/v2/FUTi93tXq405grZVGgDqG8CRX5oAAWtbaGEMmOeeQ9qmDQiJGY0Rx_jyFOGOQlpbRiHQR_gskwYDRGMESO9g8urLCDfyW3rlrlwcoCWkZftdX-M8FLqs47StbyTaMeGZRWcJmoAmLCaUj9EHq7VdmUaVyPM2oMOzO7OqapMlEaA9x2d053i6yqs_-C4nX2J5mccrn3nn-eS7Wx-zgNy5oVwBKV_l2dBFBe7ZOHMRrd0C5uHXClG9sTCIyoPEi5C7BbXebimRKyDt8XP2V-vTn4KZtXIJEOaGJjLhdbIRZiubPU7xNsMeSOTYiQQCXzm4/crawler,Shota Tsukamoto (@darcytheflyinghedgehog) • Instagram photos ...
29,hedgehogg_30,https://theflyinghedgehogs.stores.jp/,https://msp.c.yimg.jp/images/v2/FUTi93tXq405grZVGgDqG_1p6hi4peGJ09Z8QwfSMKMihHM8QN-aq8alJQ4XJEnbgHC9o5hsaVx2wfRS1IWHBez_F3YUCF2Y00ozPyLxiBig56bVcRlowSKd3IfwqQfLM1GEz6se_5nGL7nqkyi1Qb4o6jXQGybMrgDUz5YkKdAgx0XeK8eubI32wDCAceMkZ5UP4wigolNt_4M9UoBudyCB-F5PdVm9BBdSVKnteicVbyoKD0lxwQMCRbuqBNrKgCA4RGaid3itx7yOlGmFKauWD8Jm637V5HDHj2kVN_lAu_GwvzQHehZZzf5k0hmNoSY8ksaMvFSDU5meTBkOz4JE-0_4Fxj0ysVeufKRbNIKwcr1SHJiJPSOfP05iOL6/93537853848552a02a03.jpg,Flying Hedgehogs
30,hedgehogg_31,https://ja.wikipedia.org/wiki/%E3%83%8F%E3%83%AA%E3%83%8D%E3%82%BA%E3%83%9F,https://msp.c.yimg.jp/images/v2/FUTi93tXq405grZVGgDqGx5cm8knTLo61O84kVTxOan841a30-aIJSoqkmlQNsP4-Qv0KVqX9M9vYFUiwJk7Td9QdmowaIIZzMIpml0RMSd-s8_6ZgiSUR_OxlY3GsHyX-zIlSG2sOydKD4f8U6ht8Eyg9gb4dQ1FkXXHwIPMazL4iPwKtiRCmnmkHb-WF5ogf9Bhl5x1NXYHJRHgdZJznyxm_lgLLeR89c4ZpVBhN0oCvwa7nsEjZLv5endhTUTFh2IsP5pkV0nBrvETjnstM0swM9hDWqjArWiIOrg41oW32A08MPXGS_u6yUjgS5n/Erinaceus_europaeus_LC0119.jpg,ハリネズミ - Wikipedia
31,hedgehogg_32,https://www.tiktok.com/discover/hedgehog-life,https://msp.c.yimg.jp/images/v2/FUTi93tXq405grZVGgDqGwARIORxHiu5SQ2aBGwnfOFFGA2_4JsJ4ShZpHChEn5wTU2VHCTANmHvQeDBPG8MZoIEUcUJEMjSnMaO_ravTJ6dg_KmRbAQnXsmKukAp71HQo_97WqeEGAQsd4PR6tC9T044bPDIryVBI0jPG9kNacWMHvWB6mImUeOLmigJuBHFAvBxWqPqjtpdkK3Dj-QjPOH3nwjziamIRUSoIIunBHp1gCcpBeqA-Uk2UwK4QHwS86mBsh7PSDdnCSfsZiIFa7b0BnTdLCbzPjAtE2nF7gNmHJv2cf0zgWS172JaTmFfq3ZkviQ5He3fo6cz_NzXftNpGrpTko41JX--1f589kbUhxhMoZ7UWEj4da8sCZgIj72SeuzuIEmKb1dInAOVop2QYBNCzxRrJSfSw4ZgXsU0EG80NKeHGlpMmkhC6Pe/1f7ca7f92ba8ebb38175cd9d4120007ac5_720x720.jpeg,hedgehog lifeの人気動画を探索しましょう | TikTok
32,hedgehogg_33,https://plus.amanaimages.com/items/search/hedgehog?whole_price_zones=false,https://msp.c.yimg.jp/images/v2/FUTi93tXq405grZVGgDqG87cQjYMn_F0tV-DwyLb0942TZVfyQz_9509kdN5owz3X1swZhGOe2Kd1-ho9KZQvZ6N-J9O0n4hcYKemtXYUoeMKHBCKXAWpPCno3sxHSOO3geYTwsH1IgFu680opjo3qPCyhegI00RTxCVaIG3YQ7-JsblGWJpaoPN5QlLwcxrd2U4cUFUkl97nzUO160yuj_QUXRm-jGOLxdB2E2XpqqQxfpKLvnru8zTBcVJJLUVRXaisIb-BHX_j7AyZymZuB5Wf9CATj8vsJvgiQRdmXk1DXR5RYQhNiEIwLOAKs1O/feedough200100605.jpg,"hedgehogの写真・イラスト素材一覧(37,643件) | ストックフォト ..."
33,hedgehogg_34,https://www.sbspet.com/hog/,https://msp.c.yimg.jp/images/v2/FUTi93tXq405grZVGgDqG_g8ZKSDX0RpgfefE6ueThHITrkVA_Bv6ZTAAWHh3-dIU_SGE4oTRZXTbGnwI59IPykbkqjKswAjuBVYiRiTks6Vzua3c4MjoDAwngCiK_6XWFV00-fwYkXUln6Fj_cpyBzczTxuVehG9q0IiqxWbKHBhlO0BqQsCDnmQtZC-P_KQ3Z4YbjZYjnZbhh9K6MXfRyXcdBnXpPQo1aRKsbXdZCM9PpHSoUytbxswQu3_MFA/hog310.jpg,ヘッジホッグハウス
34,hedgehogg_35,https://www.harinezumi-cafe.com/,https://msp.c.yimg.jp/images/v2/FUTi93tXq405grZVGgDqG039Bc6QJPk0CTnrdBTe5Jf3jvC5O_wPQE4mNLDH367FKglzGH-2IKs0uGdoF7YeXum4RzUIlXNMMgq0UqzDslmMEFK9rj0Y7LLyCqdJczYeXGj0Z3M2WZIW-mJveG3_f1YGFhH6RqTC_q1eFRk5JI0vr_6r-P8iXrCWNWBivuitHO6B5hqRKujqppeIpSbAx-1m8AGPj0a_qpXzWOArwDOKGD2UeA_3m-FqrAL0doOI2K1lXsYZUlQ_dPl-5LRSWw==/header_img02_small.jpg,HARRY｜ハリネズミカフェ®（原宿、横浜）
35,hedgehogg_36,https://hedgehoghome.cafe/,https://msp.c.yimg.jp/images/v2/FUTi93tXq405grZVGgDqGxroBbx0BRF-W2TPERl4ObVRh_Q_usgT3wrIUmaJo56ouVv03SPQEpgWLg4LRwZmZ17D-r1jyX8PgZvPJb-FS3X03xJ18WvmFtIEZi1zfZrHrtvQGdN0sJvM-MC0TacXuA2Ycm_Zx_TOBZLXvYlpOYV-rdmS-JDkd7d-jpzP83Nd-DrzJwEvGiexgUCFKESnlwzbmUCnZeBLiz_3bviiyVUNZdgRsSuR0YUmnFmEJoKN7aaBgwnm9IGAguuqeEq8hxTQQbzQ0p4caWkyaSELo94=/bg_hero.jpg,ハリネズミ専門カフェ ちくちくCAFE 東京・渋谷
36,hedgehogg_37,http://hari-hedgehog.com/2016/04/06/hedge-hog-notice/,https://msp.c.yimg.jp/images/v2/tpvPBYOX1wpNVI1UoNSgErs-s0Qyu45XLYOubRkaH5-bG6ovhKFMMJMGXakz4NBXShtelAXGLOfLAGJCbUWTqCtGrodSTzyr_GRNt4vtwzRJG8O1jpRWiQ6hNKgGPQSdRpXI8zagw7M7s6pqkyURoD3HZ3TneLrKqz_4LidfYnmZxyufeef55LtbH7OA3LmhXAEpX-XZ0EUF7tk4cxGt3ZglAlWD9QPlm6EtaUi9wSxuevnMjYMh9rQrssie8vA1vwYYs1JPzGThCKBUvkIBYTWkcQTrlixBCwbPsqm5xw8=/DSC00953-1024x683.jpg,hedgehog」をhedgeとhogに分けて語源を探ってみた | 我が家の ...
37,hedgehogg_38,https://www.webo-kobe.com/items/woodentoy/lisa2/hedgehog.html,https://msp.c.yimg.jp/images/v2/FUTi93tXq405grZVGgDqG6RliVNW7FIGjGXfzyIs0sYxRcn8a9qvU88juY5Gqx9ZayHkHwbjwjCv5iJ8AxgBtQCf9tzuErT39PCW3VtbeKqbrON8lJN_OKdGbKWMP1ONeJgfTJn6AYXOtCRwRmXl-_lZSpQAGnzxawGyms0q20eh5ZeEgiXBO2NVHRdREloSjPt61I8VZZfyMLR_wg1I7nerFv5IAEqWeK50dEaTFDeFq15NHxj0X_4xzlAs3l0l81tXTm5xCI5uI3l0TbLfhA==/img.jpg,HEDGEHOG ハリネズミ（IGGY) LisaLarson
38,hedgehogg_39,https://mch.si/22785iimpON689cc57c00982af49c5a78f59ef6aef4,https://msp.c.yimg.jp/images/v2/FUTi93tXq405grZVGgDqG3-W7m9q7sTx_GvU6BggpBvlKfksQbS_O4Af17r-R8VUD_nsWftuFF_fAP17pbTI2DglE8yFuY5njeUMfg3LGEDhVbVGY2L5CzeIdJYndLhow2mSKXBaWlVZbdqPdrqEtAlnVv8PiMWOuWxza3mle8qMEFK9rj0Y7LLyCqdJczYeXGj0Z3M2WZIW-mJveG3_f1YGFhH6RqTC_q1eFRk5JI0vr_6r-P8iXrCWNWBivuitFa8h_H4wgXUBEWvtYZGA26Onjqy680mpNtPCLIcPb8NceFsk5Si7dMQtobEy-UOszv9ZAAFC0fvJWtNpSpkV2A==/cute-hedgehog-azuki-camping-fb11.png,おしゃれ】 Hedgehog Small 215 / gold / - ピアス - mch.si
39,hedgehogg_40,https://sudeleycastle.co.uk/events/hedgehog-champions,https://msp.c.yimg.jp/images/v2/FUTi93tXq405grZVGgDqGz_qadA9TnvZXBwXHsqYMHaCqaMIMjqhQ94ndPGBDKyzUt0vf2NS7UUrcq0Sluxv6c9Cm91RzDkIpvvwvP_PRQ9UiGIQpgXQgMPN26LNDvMoxVmjlzf9V4qt79jdAlnj6RMK5EXqRrZGZODyVpxMWk3i9OGon3Nsfr2n8LXfYQAZo8LKF6AjTRFPEJVogbdhDv4mxuUZYmlqg83lCUvBzGt3ZThxQVSSX3ufNQ7XrTK6P9BRdGb6MY4vF0HYTZemqkEymNGWADsb5cvqXzPPOXqYERwqY8VwltKMVkT6GxnCv7pP1xewW5PvQdmbTNExwtIIpHcKfl3rSUMl0tJgkNw=/Sudeley-Hedgehog-Champions_web_gallery.jpg,Sudeley's Hedgehog Champions | Sudeley Castle & Gardens
40,hedgehogg_41,https://www.youtube.com/watch?v=WEDmL2i7AFk,https://msp.c.yimg.jp/images/v2/FUTi93tXq405grZVGgDqGxuQACxqi0fkbGNWy3I1FNWPW547pAO7aLz-Jdjzow-RzT7bjGYWsT5Dj7H51KBH1TMwqx4j6JcYDIcqw_MaPg6u29AZ03Swm8z4wLRNpxe4DZhyb9nH9M4Fkte9iWk5hX6t2ZL4kOR3t36OnM_zc13Al6S7Xywc-otrSjkzgFhzbiksNQU6bKNS4t_nIT-QpdrReb6t31DMyg_7p914lW2s0mvCGoluSP5g76ISLPIuFNBBvNDSnhxpaTJpIQuj3g==/maxresdefault.jpg,Everything you need to know before you get a hedgehog l GMA ...
41,hedgehogg_42,https://www.gut-aiderbichl.com/en/stories/tag-des-igels/,https://msp.c.yimg.jp/images/v2/FUTi93tXq405grZVGgDqG6mbMd-tANww3WokLTDdDTTT26Mua28yEnieO4wnTjVcgcjldUyeQ0DxEyIJi9SXrN4cVYeMcqfVDYySgwTRIzMxBbPthtFNuI47EB_fRyfJd0XRgvS1dkUzsTp1yDMALIBChlLTJjw6LO2QPrAUJkOmnhB4skm__wUKy4a7PA8XoPAu1aivy-X05EsU8j9_eHimc-VHbmTVnDulx0OYsHKjUd66tw8B5Yyq6KWlVnrnUFsdoWVfwc3hvtB7NUm3u8QS2M6gcI2FmOynB1A8Q22DZNRaifXhNCs_BugWVA5o/web-igel-scaled.jpg,Day of the Hedgehog - gut-aiderbichl.com
42,hedgehogg_43,https://www.juniqe.com/hedgehog-premium-poster-portrait-4556233.html,https://msp.c.yimg.jp/images/v2/FUTi93tXq405grZVGgDqG46IImENRMPbMwa7ukkqtrRdKTh25zNc6xcAUTHlRiY3slLocGFn8jj9jj_P2vQlQlQZdlKA7-fGl0KL1ai4n7lk2URstwBAgHTRyZQzV1Si4PuWWdq1HIxfWUdiybFMqFgZhTBV0uxZmMJAOzk654sja3OTVtyrGdohpH8W1fK6eSBsslYIe2S40y2Mfi4JViqqoveXwRasRc7PaAz76XLBMoPYG-HUNRZF1x8CDzGsy-Ij8CrYkQpp5pB2_lheaIH_QYZecdTV2ByUR4HWSc58sZv5YCy3kfPXOGaVQYTdODCAiZMjFjcoz7bZ-iauU5iTiIzndzzpJC2FQiclDSauNSu1lchR9nj6tZj2zvRwR12u1aSlAA6BB1NbSeCeQw==/Hedgehog-Paws--Claws-Poster.jpg,Hedgehog Poster | JUNIQE
43,hedgehogg_44,https://theconversation.com/hedgehog-highways-what-are-they-and-how-to-help-build-one-177785,https://msp.c.yimg.jp/images/v2/FUTi93tXq405grZVGgDqG99dYtU2km9v19NysW-s3tDXqv3AkWDPxtssMwZi5KGvhAqc_jy2MzV9bzQxobNG5AMGmBT-g-N5v5Q7WXCGU8q0d44GxK1xfjQij9M0IcuKqbp7_VRD9USN7CLOZhAL5GRZneuBUio7WD603XdAPIdXiBJLAxKNudgQikJM41mWYsOwrrX-H8tAGN23JYOOSqoj_oLA7AvVXfU3KJATSEQGe7uxgF3OoVVUYpC8QXbAjBBSva49GOyy8gqnSXM2Hlxo9GdzNlmSFvpib3ht_39WBhYR-kakwv6tXhUZOSSNL6_-q_j_Il6wljVgYr7orbVEZb0MNMC2gwc25dx3MUjODu8N9p1INORL93ekcllOHBGUO8qmG_rs6NXcv5ZyEeIhKU8N4kWB-lECg4DfXXU=/file-20220302-15-1th50cz.jpg,Hedgehog highways: what are they and how to help build one
44,hedgehogg_45,https://www.pinterest.com/skinkk/hedgehog/,https://msp.c.yimg.jp/images/v2/FUTi93tXq405grZVGgDqG6CX7bFaQ6O-4GUHsIE4EGxDcELEWw_8WHNqDVQuOY4KCl4ZZhdb2yLV8S3gNYLbfPce50wMWdofYFnAqkpB-xB6G7H0befSFlxU1DM9b0gMo8LKF6AjTRFPEJVogbdhDv4mxuUZYmlqg83lCUvBzGt3ZThxQVSSX3ufNQ7XrTK6P9BRdGb6MY4vF0HYTZemqiSBMsx5umqzXNf0XMhL_R5ilsQahFFAiwEp-eZDpvVgZBpeGeJu32vKrw_E6BIDxEUKXt2-YmrcZlDPOwcnfZc=/5c19abf721c7359fc0a8e8bb30592e36.jpg,hedgehog
45,hedgehogg_46,https://i-bloom-squishy.com/products/magical-hedgehog/,https://msp.c.yimg.jp/images/v2/FUTi93tXq405grZVGgDqG4Xi17vYUXNRml3O5PWHG4UYgUYudAH_pudJO7eHzIvRYYFMQjFacYiuzk-9G9z-AQ3nu0diUCcaHUqC8lgpczTiS7akJgj6hGVZv-MT4NHARpXI8zagw7M7s6pqkyURoD3HZ3TneLrKqz_4LidfYnmZxyufeef55LtbH7OA3LmhXAEpX-XZ0EUF7tk4cxGt3a-k14ssuMzLS43zzQHCU4rNx8zG0W0EObWLCOFZ6yAdEJ8wZ7kDeRW6HbE1YG2jeGkf6ohdv06qaGycOY8Kqig=/191212_magical-hedgehog_MOI01.jpg,マジカルヘッジホッグ | アイテム | 株式会社ブルーム｜BLOOM CO ...
46,hedgehogg_47,https://hedgehoghome.cafe/,https://msp.c.yimg.jp/images/v2/FUTi93tXq405grZVGgDqGxroBbx0BRF-W2TPERl4ObVRh_Q_usgT3wrIUmaJo56ocvmYaDNdSnPiel3EFxEJUolmFnZ44M3wmMRWpT9CI7xFajfI9LVhqfuK7_-DgtoDIIH4Xk91Wb0EF1JUqe16JxVvKgoPSXHBAwJFu6oE2sqAIDhEZqJ3eK3HvI6UaYUpq5YPwmbrftXkcMePaRU3-e5cCBn_8JFxGEsVSBqR-Hbq_g9GV3r64hA1rHHWAF5gMXTx3eqkyZwa0DIPG21F3ht86RNOtnaJTJ3eIIEx8LM=/slide_6.jpg,ハリネズミ専門カフェ ちくちくCAFE 東京・渋谷
47,hedgehogg_48,https://ja-jp.facebook.com/Mr.Pokee,https://msp.c.yimg.jp/images/v2/FUTi93tXq405grZVGgDqGyL5nc0JPOaUOtLWCRSwKb5x0EhmYEz9re4BenktujdEH2BeWCnnRhcHGCaNnYT---R6QoV-6HppQ2-UFxZJ8wnoZwaNgBiU7SugH9hgciITPCSYPKlp6-ZBW_a105YUZCkbkqjKswAjuBVYiRiTks6Vzua3c4MjoDAwngCiK_6XWFV00-fwYkXUln6Fj_cpyGUywQUQu94zH-knEWyMiAGhCK7D_BqwGUu-3xPtRIaYogIR6xJVuKw5XMDFLUdoZqE0VxYO8LymIUL66Mwrz_H1gM4HpzZr4eq_7h8pzvWy/media,Mr.Pokee the Hedgehog | Facebook
48,hedgehogg_49,https://www.safari.co.jp/animal/275/,https://msp.c.yimg.jp/images/v2/FUTi93tXq405grZVGgDqG6Je85yKkQNwMBneFfmaqpUL90Iciq6hrmbrsiTzU68k5b9UG-chcGcHJnagxcbw3TPhRy-cPIQL_g3fdr2s8SYQVEsOOXkD5nBiqBwvRxhgQzpxyJh4x0yJd-ZeddnvNYlrkIy8NuK_c5d6sUoRf9enGTpN24P6Y4uT4xKyxRFmuZaeGRigcNFfUnqf_uqN7XJezuOU3mWoOMB-6PsaJ4fZFX7FHoC0im0byMRPS4K3AhQWhV_pzbdejMK5XjA-2hZQY1cxMbIuI-QSrlJ6T8_kTRnnQMlvrYWkSdmODK4Coe0EXQ1phfBNIeEfpC2kYw==/7ec24ad2618722a7adfa8204e691e2da-1200x600.jpg,ヨツユビハリネズミ | 野生の王国 群馬サファリパーク
49,hedgehogg_50,https://www.rd.com/list/hedgehog-pictures/,https://msp.c.yimg.jp/images/v2/FUTi93tXq405grZVGgDqG7HTE30vuZbllPs9KZWezycQiiVXvDtfRLGDrYGK6WfczA_YxIZQmjuaRyfpKXdRxJddyPCpxjhU1y1YsVvxya6BFrWlfMKuwnOnvjeeYcYwU_SGE4oTRZXTbGnwI59IPykbkqjKswAjuBVYiRiTks6Vzua3c4MjoDAwngCiK_6XWFV00-fwYkXUln6Fj_cpyAr5g6240kcz801tED7WQxF1Gtgo5adayc6dUPua-BwQVKKcyzdAa4g6R74mkb_34bJrkLoojt-kObwi1ZSCAQv1gM4HpzZr4eq_7h8pzvWy/GettyImages-1053735888-scaled.jpg,40 Adorable Hedgehog Pictures | Reader's Digest
50,hedgehogg_51,https://www.porta-y.jp/feature/small_animals/hedgehog,https://msp.c.yimg.jp/images/v2/FUTi93tXq405grZVGgDqG53R2ZcA7otptOl9AuFSxOYhSpdWI1ihFx5y2jEKZb6Lq3ey490QjMMuaR0711Mn9K_7aTHY3nTbONyjA8w7oX2TEwV87UsOWjOSVB-YEs2To8LKF6AjTRFPEJVogbdhDv4mxuUZYmlqg83lCUvBzGt3ZThxQVSSX3ufNQ7XrTK6P9BRdGb6MY4vF0HYTZemqglcY5b0OUJ7HtX-p2jMF4kT7a7-51OsK6q3l5aXVw3NclUof-tlDpCPiQeZI0obGXZ8kouWJjMZYFFEe3eT21I=/pet_hedgehog_img1.jpg,ハリネズミの飼育・飼い方・特徴・種類～初心者向け～｜PORTA
51,hedgehogg_52,https://www.dw.com/en/saving-baby-hedgehogs-in-germany/g-41157184,https://msp.c.yimg.jp/images/v2/FUTi93tXq405grZVGgDqG8-iv_5UNgo7gKVEf88iekqIjhb2XF51Q2wXLCvIyCMg8pY7CEJKbKORpaty8NoTLqcZOk3bg_pji5PjErLFEWa5lp4ZGKBw0V9Sep_-6o3tcl7O45TeZag4wH7o-xonh9kVfsUegLSKbRvIxE9LgreKefWw2lJJi_h18p3UxAdNW9Btr2DQ8h74yvs2GO9hSgbqKDjlBwTvb0CDfnPrBjYkDT3umRXmkdbXhesJCena/19181420_303.jpg,Saving baby hedgehogs in Germany | All media content | DW ...
52,hedgehogg_53,https://pets-kojima.com/library/zukan_small/detail/id=25035,https://msp.c.yimg.jp/images/v2/FUTi93tXq405grZVGgDqGze-zL4w0JIqtXv7_mk-S6edEcSj19PBX1cLRUpo9pfR9S8EbeIUHVBVvluzG2XMV4MGVTPCbYqqb2_sEkk12D8GreBV9BbyejBR30hC_SxYzyUFX3tJ_2FbORSufDRAFqFwLUoBlfpck-lOmldj_8YM_QD1P-o7YPgFUjfn8uOx2fn62KOG9FjXye8Hh0-JxoR49yoNh2xmGKQIyO9gUn1su2YnmcO76gIpGg3u4TJI34Bj351wfDkf6IlVWaFcUx_AuQ3K-33cDLCAjCvxDGM=/25035_ext_25_0.jpg,ヨツユビハリネズミ（ピグミーヘッジホッグ） | ペットショップ ...
53,hedgehogg_54,https://www.harinezumi-cafe.com/hedgehog/,https://msp.c.yimg.jp/images/v2/FUTi93tXq405grZVGgDqG039Bc6QJPk0CTnrdBTe5Jf3jvC5O_wPQE4mNLDH367Fe2nokgciXx309u5tHGQaJIwQUr2uPRjssvIKp0lzNh5caPRnczZZkhb6Ym94bf9_VgYWEfpGpML-rV4VGTkkjS-v_qv4_yJesJY1YGK-6K2Yer6_8o9mPL7CHptFCvCSy7djPuMJFKMkUWuXa1YHADvlR2666Zva0RBHFRPd2S3v4dahCaFmPZt05DYG3Wu8/og.jpg,HARRY｜ハリネズミカフェ®（原宿、横浜）
54,hedgehogg_55,http://www.padelnostro.it/559103/32908.html,https://msp.c.yimg.jp/images/v2/FUTi93tXq405grZVGgDqG5gb43-Gq0MiCBGhi951ygQerErKrn47vpDQM86-dJxodNYiQqz0UriSLt-nMgR2tCp4qcifd-vJ_nUcVU6IWNGnGTpN24P6Y4uT4xKyxRFmuZaeGRigcNFfUnqf_uqN7XJezuOU3mWoOMB-6PsaJ4fZFX7FHoC0im0byMRPS4K3Abk44aVrfKdwT7fX9Zgxbhwbr9YrqhYFJlz-v__JlXFoDkDtts0i0aT5oKvevjCDL6V0PTrgWv5B-sRFHOw-4w==/slowworks_15130-w-0821,Steiffシュタイフ ジョギー ベビーヘッジホッグ ハリネズミ 10cm ...
55,hedgehogg_56,https://www.istockphoto.com/jp/%E3%82%B9%E3%83%88%E3%83%83%E3%82%AF%E3%83%95%E3%82%A9%E3%83%88/4-%E3%81%A4%E3%81%BE%E5%85%88-2-%E6%AD%B3%E3%81%A7%E7%99%BD%E3%81%84%E8%83%8C%E6%99%AF%E3%81%AE%E5%89%8D%E3%81%AB-atelerix-albiventris-%E3%82%B6-%E3%83%98%E3%83%83%E3%82%B8%E3%83%9B%E3%83%83%E3%82%B0-gm843542402-137869515,https://msp.c.yimg.jp/images/v2/FUTi93tXq405grZVGgDqG7s6XIz6WzUM9mMsixYxaAtspYjMOIcMNbvaVoOvVTNDRg_rm52iTw6GwrvkF7T4klU6MSxa63pXqVcy4S44sVQCSMgwLNMi89-DNYqAYuvTvN6oY4JDvViYtBzyjuFbC_rwooRjsSwRXCA0nJnKxiHYClTK-uZXZI-9tvXXZEs6o8LKF6AjTRFPEJVogbdhDv4mxuUZYmlqg83lCUvBzGt3ZThxQVSSX3ufNQ7XrTK6P9BRdGb6MY4vF0HYTZemqiu3oK7sFCaHHUW4lsr0ubGN8LsUBxfflO3Oq9WxeH97kd24f6BMW9ODV4ARvp1RWKEC3aKwNWT28Rx3XGdm52g=/fourtoed-hedgehog-atelerix-albiventris-2-years-old-in-front-of-white-picture-id843542402,4 つま先 2 歳で白い背景の前に Atelerix Albiventris ザ ヘッジ ...
56,hedgehogg_57,https://imagemart.aflo.com/ja/images/search?input_key=hedgehog,https://msp.c.yimg.jp/images/v2/FUTi93tXq405grZVGgDqG87cQjYMn_F0tV-DwyLb0942TZVfyQz_9509kdN5owz3N94dzEJy9s_sQUVrUgTVoJyZfjQKPftc_XJpCCabbWWmyvdmD8LCyrU8tc90xgHnSoVbc6CwxduaO9s7NFVOFc8lBV97Sf9hWzkUrnw0QBahcC1KAZX6XJPpTppXY__GDP0A9T_qO2D4BVI35_LjsXq_BzvkciEBVgr7wqNLuaqgM0Yc7SNTjTrrJNsbQsuuAxchnBxiyC0Nu5WfCJ07TL8E9wyp08ykYNWOrOm9ue0fwLkNyvt93AywgIwr8Qxj/watcsl190100020.jpg,hedgehog」の画像､写真素材､ベクター画像｜イメージマート
57,hedgehogg_58,https://mobile.twitter.com/solanarodrigo,https://msp.c.yimg.jp/images/v2/FUTi93tXq405grZVGgDqG_omiYkNVym1Sd6g5T38MuQgpx4E3h5mNOh3xM_pa7-dqOrJ4HxqOVIA6fEJf_cJzUaVyPM2oMOzO7OqapMlEaA9x2d053i6yqs_-C4nX2J5mccrn3nn-eS7Wx-zgNy5oVwBKV_l2dBFBe7ZOHMRrd38AkYXAPxtWbQn6A4cZYegPF6F6eeFS-KDL_RvvjThpIM34QhL9tSkgJcW4QCeQvza2NNwwUO_C05f7B27PmlR/EWO0jrMU0AA9f1M.jpg,Rodrigo Solana (@SolanaRodrigo) / Twitter
58,hedgehogg_59,https://www.amazon.co.jp/KIKKERLAND-%E3%82%AD%E3%83%83%E3%82%AB%E3%83%BC%E3%83%A9%E3%83%B3%E3%83%89-LB05-Hedgehog-Dryer/dp/B005U9Y71Y,https://msp.c.yimg.jp/images/v2/FUTi93tXq405grZVGgDqG2E-Sg2-7FDTZANwvnBP0L8fCu8JH5BxSVL3lAhv-slsvKX8AyObdO6Jgi8tkzmRCoFhJdCIGwBM9ShH0yQ0Q2yMEFK9rj0Y7LLyCqdJczYeXGj0Z3M2WZIW-mJveG3_f1YGFhH6RqTC_q1eFRk5JI0vr_6r-P8iXrCWNWBivuitF7w-L3c4XEv9s3ENFy6f2fgdvddywg73SgyAZZxp3N1KkavY6qCoRynBaM2rVffFYGkWvGAFAxt0VzQ_UI0sEQ==/31Nm2tnK0XL._AC_.jpg,KIKKERLAND ヘッジホッグドライヤーボールズ(Hedgehog Dryer ...
59,hedgehogg_60,https://masterlanguage.net/word/9954.html,https://msp.c.yimg.jp/images/v2/FUTi93tXq405grZVGgDqG9J-zH9yt9J3_zvmE2n1txRAEGaOxQSVzDsXiJQcEJQ09AUMvmjN_1rFFZFFZtZQL7j2ES53fiaMDZM5PIrL2lrn3RY4IgcLVf3yGMRo1sTRwTKD2Bvh1DUWRdcfAg8xrMviI_Aq2JEKaeaQdv5YXmiB_0GGXnHU1dgclEeB1knOfLGb-WAst5Hz1zhmlUGE3RPVMxHCsllPKQC0-d1rdvHZ8iQLOCtpDIBf0qv548nXTjQFRRD3i0w6EjOxAdrYi0OQgARx2h0TZJ_j656hzqM=/hedgehog.jpg,はりねずみ」は英語で何という？「ハリ」は英語で何というの？
